census_tract,total_loans,va_loans,va_total_amount,conv_loans,fha_loans
04001942700,1,0,0,1,0
04001944000,1,0,0,1,0
04001944201,4,0,0,4,0
04001944202,1,0,0,0,1
04001944302,1,0,0,1,0
04001944902,2,0,0,2,0
04001945001,6,0,0,5,1
04001945002,1,0,0,1,0
04001945100,3,0,0,3,0
04001970201,49,11,2895000,27,8
04001970202,49,8,2520000,34,7
04001970300,27,3,865000,18,5
04001970501,75,8,2360000,47,18
04001970502,114,10,4170000,90,13
04003000101,3,1,345000,2,0
04003000102,13,2,320000,9,2
04003000201,39,5,1085000,23,11
04003000202,42,6,1200000,18,14
04003000203,69,13,3255000,39,14
04003000301,107,22,5250000,53,26
04003000303,79,17,4635000,43,16
04003000304,46,10,3280000,29,3
04003000305,74,11,2885000,47,13
04003000400,45,13,3055000,29,3
04003000501,30,4,780000,17,8
04003000502,10,2,480000,7,0
04003000503,1,0,0,1,0
04003000600,15,2,670000,9,4
04003000700,45,4,1280000,16,15
04003000800,56,2,510000,29,16
04003000901,29,3,435000,9,11
04003000902,18,1,135000,5,6
04003001000,23,0,0,20,3
04003001100,60,5,1035000,41,10
04003001200,32,6,1170000,19,5
04003001301,29,11,2935000,15,3
04003001302,38,9,1675000,16,8
04003001501,68,30,8960000,29,9
04003001502,60,21,4395000,30,9
04003001601,110,38,10590000,52,20
04003001602,35,14,3180000,15,6
04003001701,78,27,7205000,35,16
04003001702,44,20,5610000,19,5
04003001703,102,41,11875000,54,7
04003001801,133,60,19290000,67,6
04003001802,82,36,12570000,33,13
04003001900,166,60,21660000,92,14
04003002001,137,55,16475000,64,18
04003002002,75,24,7560000,46,5
04003002100,132,46,15130000,76,10
04005000100,79,0,0,78,1
04005000200,44,3,1765000,40,1
04005000301,30,3,1225000,26,1
04005000302,34,1,385000,30,3
04005000400,76,3,1085000,65,8
04005000500,63,2,640000,49,12
04005000601,59,1,695000,57,1
04005000602,39,3,1205000,36,0
04005000700,91,5,2895000,80,6
04005000800,26,0,0,26,0
04005000901,79,3,1635000,76,0
04005000902,58,0,0,57,1
04005001000,4,0,0,4,0
04005001101,97,0,0,94,3
04005001103,72,6,2810000,51,15
04005001104,51,3,2095000,48,0
04005001201,47,0,0,47,0
04005001301,123,12,7210000,103,8
04005001302,111,12,7490000,91,8
04005001500,228,10,4400000,204,14
04005001601,54,0,0,53,1
04005001602,17,1,725000,16,0
04005001700,92,7,2535000,75,10
04005002000,39,7,2515000,28,4
04005002101,62,3,715000,50,8
04005002102,37,4,1510000,26,6
04005002201,134,12,5850000,113,9
04005002202,101,4,2150000,85,12
04005002301,21,3,975000,11,7
04005002302,106,16,6210000,71,19
04005944900,4,0,0,4,0
04005945000,2,0,0,2,0
04005945100,2,0,0,2,0
04007000100,166,10,4820000,145,11
04007000200,99,4,1150000,85,10
04007000301,153,10,4100000,122,21
04007000302,75,6,2290000,58,11
04007000400,175,12,4050000,140,21
04007000500,110,6,1890000,89,15
04007000600,38,4,1460000,29,4
04007000700,41,3,785000,34,4
04007000800,8,1,145000,6,1
04007000900,22,1,165000,12,6
04007001000,51,9,2775000,29,12
04007001100,67,7,1535000,32,21
04007001200,57,5,1275000,33,19
04007001300,7,0,0,4,3
04007940400,4,0,0,4,0
04009961100,89,7,2065000,51,30
04009961201,61,0,0,46,13
04009961202,103,6,1670000,60,31
04009961300,56,2,330000,30,17
04009961400,96,7,1775000,42,34
04009961500,93,7,2175000,41,38
04009961600,16,0,0,6,5
04009961700,83,13,3975000,38,27
04011960100,18,0,0,11,7
04011960300,27,3,635000,12,11
04012020101,2,1,175000,0,1
04012020102,12,3,635000,6,3
04012020201,27,3,895000,21,3
04012020202,20,0,0,17,3
04012020501,9,3,735000,5,1
04012020503,10,4,940000,4,2
04012020504,4,1,175000,2,1
04012020505,11,5,905000,6,0
04012020602,10,0,0,7,3
04012940200,26,3,895000,17,4
04013010102,204,5,6635000,198,1
04013010103,179,11,8195000,159,9
04013010104,192,3,4875000,183,6
04013030401,154,2,2070000,150,2
04013030402,122,3,2135000,117,2
04013040502,94,12,5270000,67,14
04013040506,219,19,5925000,173,27
04013040507,175,17,4515000,129,29
04013040512,40,5,2065000,33,2
04013040513,74,2,570000,63,9
04013040514,102,15,4885000,75,12
04013040515,122,16,6740000,89,17
04013040516,432,58,23700000,323,51
04013040522,93,8,2560000,76,9
04013040523,109,8,3850000,90,11
04013040524,34,2,1030000,27,5
04013040525,69,5,2045000,59,5
04013040526,61,3,675000,55,3
04013040527,85,9,3535000,54,21
04013040528,169,7,2525000,141,21
04013040529,74,8,2850000,59,7
04013040530,104,14,4830000,60,30
04013040531,100,15,4445000,73,12
04013040532,215,11,5195000,165,39
04013040533,94,4,1870000,75,15
04013040534,75,2,1190000,70,3
04013040535,369,34,19290000,311,24
04013040536,150,15,8465000,119,16
04013040537,185,12,9220000,164,9
04013040538,974,104,50890000,676,194
04013040539,515,78,34870000,327,109
04013040540,704,90,36490000,322,292
04013040541,248,33,14945000,153,59
04013050603,186,16,6060000,96,72
04013050604,122,10,3710000,60,52
04013050609,156,17,5675000,99,40
04013050611,175,13,4305000,106,55
04013050612,345,48,18410000,195,102
04013050613,130,9,4285000,81,40
04013050614,189,14,5610000,95,80
04013050615,601,87,33055000,206,308
04013050616,93,14,5030000,39,40
04013050617,312,51,18835000,134,127
04013050618,146,22,11870000,113,11
04013050619,982,117,55745000,681,184
04013050620,350,40,19730000,249,61
04013050621,385,62,23320000,182,140
04013050701,161,19,6355000,74,67
04013050702,249,22,7750000,109,118
04013060801,48,1,275000,41,6
04013060802,58,3,1085000,35,20
04013060901,106,4,1400000,73,29
04013060902,36,0,0,21,14
04013060903,76,4,1330000,46,26
04013060904,57,2,680000,34,21
04013061010,179,16,9410000,149,14
04013061011,377,47,22635000,241,89
04013061013,93,7,3035000,66,20
04013061014,72,3,1145000,51,18
04013061015,119,9,3945000,80,30
04013061018,192,14,6940000,174,4
04013061020,91,10,5080000,69,12
04013061021,34,3,1135000,26,5
04013061024,86,13,5345000,40,33
04013061026,123,10,4020000,84,29
04013061027,142,25,9785000,87,30
04013061028,33,0,0,22,11
04013061029,100,9,3115000,69,22
04013061031,641,56,27420000,493,92
04013061032,117,16,6400000,77,24
04013061033,138,16,6030000,95,27
04013061034,114,10,3740000,85,19
04013061035,179,26,10600000,115,38
04013061036,127,19,9045000,79,29
04013061037,167,22,9810000,123,22
04013061038,111,13,4995000,69,29
04013061039,230,35,19295000,175,20
04013061040,78,5,1915000,49,24
04013061041,65,2,720000,39,24
04013061042,38,1,175000,27,10
04013061043,49,3,1295000,32,14
04013061044,738,128,60040000,425,185
04013061045,435,52,33620000,332,51
04013061046,67,8,3680000,47,12
04013061047,96,6,3180000,77,13
04013061048,80,8,3500000,56,16
04013061049,107,10,4140000,69,28
04013061050,129,10,3820000,95,24
04013061051,99,7,2985000,67,25
04013061052,199,22,9240000,125,52
04013061053,166,19,7905000,119,28
04013061054,225,10,4820000,208,7
04013061055,103,10,5780000,79,14
04013061056,148,15,9225000,124,9
04013061057,127,20,9570000,87,20
04013061058,244,33,15365000,144,67
04013061059,128,17,7685000,86,25
04013061060,61,12,4450000,38,11
04013061061,65,8,3350000,42,15
04013061062,165,23,10585000,111,31
04013061063,16,1,265000,13,2
04013061064,60,4,1650000,53,3
04013061200,37,2,730000,23,12
04013061300,18,0,0,11,7
04013061401,13,0,0,9,4
04013061402,81,6,2280000,43,32
04013071503,171,18,4620000,122,31
04013071504,120,20,5830000,83,17
04013071505,223,21,6205000,162,40
04013071506,126,12,3460000,103,11
04013071509,95,7,3165000,80,8
04013071510,83,1,925000,77,5
04013071511,61,4,1050000,40,17
04013071512,120,5,1375000,100,15
04013071513,30,0,0,25,5
04013071514,65,2,850000,58,5
04013071515,67,9,3975000,53,5
04013071516,59,7,1905000,40,12
04013071517,73,5,1955000,51,17
04013071600,78,6,1750000,49,23
04013071701,107,10,3850000,68,29
04013071702,143,17,4115000,91,35
04013071801,174,13,3615000,108,52
04013071802,116,13,3655000,85,18
04013071903,122,9,3655000,86,27
04013071906,89,10,3510000,58,21
04013071909,109,9,2745000,77,23
04013071910,119,5,1895000,84,30
04013071911,58,4,1550000,34,20
04013071912,40,1,375000,35,4
04013071913,62,4,1460000,45,13
04013071914,45,1,395000,27,16
04013071915,49,6,2110000,31,12
04013082002,167,15,5525000,106,46
04013082007,71,3,655000,53,15
04013082008,54,3,815000,28,23
04013082009,65,0,0,42,23
04013082010,42,1,365000,34,7
04013082012,96,8,2880000,57,31
04013082016,247,12,5140000,177,58
04013082017,53,2,1060000,39,12
04013082018,56,1,275000,40,15
04013082019,50,9,3965000,36,5
04013082020,89,12,4960000,58,19
04013082021,47,3,1225000,34,10
04013082022,50,1,405000,35,14
04013082023,117,6,2380000,79,32
04013082024,53,1,445000,41,11
04013082025,62,4,1490000,33,25
04013082026,93,7,2945000,55,31
04013082027,363,28,12100000,209,126
04013082028,62,1,225000,40,21
04013082204,259,20,7910000,117,122
04013082205,87,4,1470000,50,33
04013082206,153,4,1600000,68,81
04013082207,492,46,19500000,173,273
04013082208,291,28,12580000,153,110
04013082209,28,1,195000,16,11
04013082210,82,6,2410000,57,19
04013082211,176,16,6570000,103,57
04013082212,176,11,4625000,104,61
04013082213,91,5,1755000,58,28
04013083000,64,3,1085000,46,15
04013092305,71,4,1680000,52,15
04013092306,142,9,2635000,92,41
04013092307,113,5,1955000,72,36
04013092308,122,5,1925000,70,47
04013092309,135,11,3925000,97,27
04013092311,35,0,0,22,13
04013092312,53,3,1125000,40,10
04013092401,57,2,460000,33,22
04013092402,48,4,1320000,30,14
04013092500,59,2,740000,42,15
04013092600,32,5,1525000,17,10
04013092705,50,2,410000,34,14
04013092708,26,0,0,25,1
04013092709,81,3,1255000,60,18
04013092710,95,5,1655000,76,14
04013092711,51,4,2020000,39,8
04013092712,66,1,385000,46,19
04013092713,71,3,1095000,56,12
04013092715,44,2,630000,27,15
04013092716,49,1,315000,33,15
04013092717,32,0,0,29,3
04013092718,33,3,885000,21,9
04013092719,58,6,2170000,39,13
04013092720,409,25,11715000,328,56
04013092721,146,9,5195000,114,23
04013092723,95,4,1160000,72,19
04013092724,108,5,1555000,66,37
04013092801,22,1,265000,18,3
04013092802,43,1,295000,25,17
04013092900,9,0,0,6,3
04013093001,71,4,950000,48,18
04013093002,45,4,1290000,28,13
04013093101,48,1,215000,39,8
04013093104,12,0,0,12,0
04013093105,36,0,0,25,11
04013093106,39,0,0,26,13
04013093200,26,2,770000,18,6
04013103205,69,4,2250000,65,0
04013103206,69,0,0,68,1
04013103207,60,2,1600000,58,0
04013103208,88,1,435000,82,5
04013103209,132,0,0,126,6
04013103210,74,1,515000,70,3
04013103211,98,3,2125000,86,9
04013103212,109,0,0,106,3
04013103214,89,1,475000,84,4
04013103215,66,2,980000,62,2
04013103216,119,7,4485000,107,5
04013103217,90,1,395000,86,3
04013103219,90,1,915000,87,2
04013103220,44,0,0,43,1
04013103302,99,5,2505000,77,17
04013103303,69,3,1105000,56,10
04013103304,30,1,365000,25,4
04013103305,17,0,0,14,3
04013103306,31,2,480000,26,3
04013103400,88,4,1400000,71,13
04013103501,52,1,1175000,43,8
04013103502,117,2,890000,99,16
04013103604,49,2,990000,40,7
04013103605,165,3,1655000,153,9
04013103606,117,3,875000,99,15
04013103607,104,5,2035000,87,12
04013103608,79,4,1230000,63,11
04013103609,63,6,2050000,45,11
04013103611,113,5,2195000,101,7
04013103612,71,3,1375000,66,2
04013103614,73,5,2105000,56,12
04013103615,48,2,480000,39,7
04013103701,79,1,185000,69,8
04013103702,65,3,1705000,58,4
04013103900,120,8,2550000,88,24
04013104000,83,7,2375000,49,27
04013104100,116,3,925000,75,38
04013104202,114,6,2300000,83,25
04013104203,112,8,2860000,75,28
04013104204,60,5,1875000,37,18
04013104205,61,1,425000,42,18
04013104206,88,4,1460000,63,21
04013104207,81,4,1290000,60,17
04013104212,99,7,2645000,73,19
04013104214,45,2,760000,37,6
04013104215,70,3,1045000,54,13
04013104216,92,8,3240000,68,16
04013104217,143,6,2550000,112,25
04013104218,65,0,0,56,9
04013104219,66,1,285000,51,14
04013104221,127,10,3150000,94,23
04013104222,83,2,520000,62,19
04013104223,31,1,705000,25,5
04013104224,97,9,3075000,73,15
04013104225,70,2,570000,59,9
04013104226,76,5,1505000,60,11
04013104227,40,3,1065000,29,8
04013104301,83,3,935000,60,20
04013104302,52,3,805000,41,8
04013104401,43,1,425000,34,8
04013104402,2,0,0,2,0
04013104501,26,2,710000,20,4
04013104502,44,1,295000,33,10
04013104600,60,4,1650000,42,14
04013104701,83,5,1385000,68,10
04013104702,37,1,225000,27,9
04013104801,96,4,2160000,91,1
04013104802,121,2,1070000,111,8
04013104900,86,1,525000,78,7
04013105002,80,1,2565000,77,2
04013105003,100,0,0,98,2
04013105004,66,0,0,66,0
04013105101,110,3,3025000,106,1
04013105102,101,3,1415000,96,2
04013105103,73,0,0,73,0
04013105200,129,3,1165000,106,20
04013105300,118,9,4995000,107,2
04013105400,94,4,2960000,85,5
04013105501,15,0,0,12,3
04013105502,14,2,820000,8,4
04013105503,41,3,895000,29,9
04013105601,64,2,650000,36,26
04013105602,90,4,980000,59,27
04013105701,50,3,1045000,23,24
04013105702,70,1,295000,49,20
04013105800,115,4,1330000,71,40
04013105900,89,3,1195000,67,19
04013106001,12,1,245000,8,3
04013106002,25,4,1520000,20,1
04013106003,68,2,560000,51,15
04013106100,96,4,2630000,89,3
04013106200,98,2,1570000,96,0
04013106300,103,1,685000,93,9
04013106400,60,1,735000,56,3
04013106501,69,0,0,68,1
04013106502,86,2,1650000,83,1
04013106600,69,0,0,69,0
04013106701,29,1,345000,27,1
04013106702,24,0,0,21,3
04013106703,66,6,2150000,55,5
04013106801,13,0,0,13,0
04013106802,65,4,1490000,52,9
04013106900,112,3,1005000,79,30
04013107001,52,1,355000,32,19
04013107002,51,4,1240000,35,12
04013107101,64,1,315000,44,19
04013107102,77,4,1060000,60,13
04013107202,55,2,620000,42,11
04013107300,64,3,945000,45,16
04013107401,68,1,335000,63,4
04013107402,16,1,355000,12,3
04013107403,25,2,680000,20,3
04013107500,75,1,745000,73,1
04013107601,58,0,0,55,3
04013107602,61,0,0,60,1
04013107700,71,1,685000,68,2
04013107800,85,1,305000,83,1
04013107900,73,0,0,73,0
04013108000,81,1,1725000,80,0
04013108100,45,0,0,45,0
04013108200,74,1,2335000,71,2
04013108301,82,0,0,80,2
04013108302,61,1,3755000,58,2
04013108400,120,5,1825000,110,5
04013108501,30,1,445000,27,2
04013108502,81,1,535000,76,4
04013108601,15,1,315000,13,1
04013108602,47,1,325000,37,9
04013108802,44,0,0,44,0
04013108901,37,3,1475000,29,5
04013108902,84,3,1155000,72,9
04013109001,22,2,570000,11,9
04013109002,55,1,355000,40,14
04013109003,24,0,0,23,1
04013109101,33,2,500000,20,11
04013109102,45,1,135000,26,18
04013109200,18,2,460000,9,7
04013109300,55,2,590000,34,19
04013109401,28,0,0,20,8
04013109402,36,1,385000,26,9
04013109500,74,3,1055000,44,27
04013109601,61,1,335000,43,17
04013109602,57,1,115000,42,14
04013109603,52,0,0,39,13
04013109604,45,0,0,29,16
04013109702,58,2,710000,33,23
04013109703,25,0,0,15,10
04013109704,24,0,0,15,9
04013109705,18,2,390000,12,4
04013109706,31,0,0,20,11
04013109707,25,0,0,16,9
04013109801,39,1,285000,19,19
04013109802,69,1,315000,44,24
04013109900,65,2,320000,39,24
04013110001,44,1,355000,34,9
04013110002,42,0,0,29,13
04013110100,55,0,0,36,19
04013110400,109,2,1410000,94,13
04013110501,33,2,800000,30,1
04013110502,40,3,2005000,35,2
04013110600,94,2,1060000,87,5
04013110701,19,1,495000,14,4
04013110702,70,3,2075000,64,3
04013110801,76,3,1845000,67,6
04013110802,51,1,1215000,49,1
04013110901,53,0,0,52,1
04013110902,69,4,1560000,62,3
04013111000,121,1,785000,119,1
04013111100,111,0,0,111,0
04013111201,72,0,0,67,5
04013111202,5,0,0,4,1
04013111204,8,1,225000,7,0
04013111300,83,0,0,74,9
04013111401,47,1,235000,37,9
04013111402,31,2,980000,26,3
04013111501,16,1,735000,14,1
04013111502,91,1,345000,82,8
04013111601,44,0,0,33,11
04013111602,37,1,625000,32,4
04013111700,121,3,2145000,114,4
04013111800,125,2,1130000,120,3
04013111900,57,1,1055000,54,2
04013112100,28,0,0,18,10
04013112201,35,0,0,25,10
04013112202,43,0,0,22,21
04013112301,48,0,0,31,17
04013112302,57,3,525000,38,16
04013112401,45,0,0,32,13
04013112402,50,2,410000,36,12
04013112502,51,1,345000,33,17
04013112504,14,1,355000,9,4
04013112507,7,0,0,7,0
04013112508,22,2,380000,14,6
04013112510,60,2,810000,41,17
04013112512,5,0,0,2,3
04013112514,159,7,2465000,103,49
04013112515,70,4,1390000,48,18
04013112516,48,1,245000,36,11
04013112517,69,5,2065000,46,17
04013112518,129,6,2210000,70,53
04013112519,57,0,0,34,23
04013112520,50,5,1585000,31,14
04013112522,40,0,0,32,8
04013112523,64,8,2680000,35,21
04013112524,21,1,335000,18,2
04013112601,17,0,0,11,6
04013112602,38,0,0,25,13
04013112700,48,1,415000,30,17
04013112900,68,7,2835000,56,5
04013113000,31,2,1100000,29,0
04013113100,16,0,0,16,0
04013113201,31,1,715000,28,2
04013113202,19,2,1540000,14,3
04013113204,41,1,545000,35,5
04013113301,14,0,0,11,3
04013113502,9,1,455000,7,1
04013113503,28,1,225000,18,9
04013113601,24,0,0,23,1
04013113602,21,2,960000,15,4
04013113701,31,3,1595000,27,1
04013113702,13,2,690000,9,2
04013113800,14,0,0,14,0
04013113900,4,0,0,4,0
04013114000,23,1,285000,21,1
04013114100,19,0,0,19,0
04013114200,13,0,0,11,2
04013114301,4,0,0,4,0
04013114302,16,0,0,10,6
04013114401,22,1,295000,17,4
04013114402,22,1,285000,16,5
04013114500,25,2,970000,12,11
04013114600,23,0,0,13,10
04013114704,6,0,0,5,1
04013114800,35,0,0,19,16
04013114900,14,0,0,10,4
04013115200,41,2,390000,30,9
04013115300,32,1,295000,22,9
04013115400,24,0,0,14,10
04013115500,29,0,0,18,11
04013115600,322,24,9310000,183,115
04013115700,58,4,1660000,41,13
04013115801,27,1,295000,23,3
04013115802,30,1,355000,19,10
04013115900,65,4,1370000,41,20
04013116000,110,7,3015000,66,37
04013116100,41,0,0,31,10
04013116202,66,2,470000,47,17
04013116203,104,4,1590000,85,15
04013116204,33,3,1165000,20,10
04013116205,45,2,650000,25,18
04013116300,75,3,1115000,59,13
04013116400,94,2,820000,74,18
04013116500,53,3,1125000,41,9
04013116605,116,9,3415000,78,29
04013116606,78,6,2280000,46,26
04013116607,123,8,2990000,91,24
04013116610,144,5,1845000,107,32
04013116611,242,26,14400000,191,25
04013116612,182,14,5850000,121,47
04013116614,62,1,315000,38,23
04013116615,53,3,905000,35,15
04013116616,115,11,4585000,76,28
04013116617,78,1,455000,64,13
04013116618,343,19,8315000,227,97
04013116619,349,31,13985000,204,114
04013116620,145,17,7325000,95,33
04013116621,80,8,3460000,50,22
04013116703,160,8,4280000,119,33
04013116707,69,4,1450000,56,9
04013116708,136,11,4165000,103,22
04013116709,27,0,0,24,3
04013116710,108,5,3725000,101,2
04013116711,38,4,1580000,32,2
04013116712,105,4,1660000,90,11
04013116713,116,3,1525000,109,4
04013116714,55,2,910000,47,6
04013116715,49,1,235000,47,1
04013116717,22,3,1005000,15,4
04013116718,28,2,770000,24,2
04013116719,93,2,940000,81,10
04013116720,58,2,920000,50,6
04013116721,66,3,1485000,63,0
04013116725,116,8,3710000,98,10
04013116727,101,3,1775000,94,4
04013116728,88,7,4235000,77,4
04013116729,81,2,820000,78,1
04013116730,39,2,1190000,36,1
04013116731,90,4,2110000,75,11
04013116732,114,5,2775000,93,16
04013116733,2,0,0,1,1
04013116734,61,1,355000,51,9
04013116735,31,2,430000,25,4
04013116736,42,1,475000,33,8
04013116737,77,6,3280000,58,13
04013116738,153,4,1630000,132,17
04013116800,52,0,0,47,5
04013116900,17,3,815000,11,3
04013117000,74,8,3480000,55,11
04013117100,30,0,0,26,4
04013117200,10,0,0,5,5
04013117300,10,0,0,7,3
04013216806,101,1,545000,98,2
04013216807,169,1,445000,163,5
04013216809,103,2,3100000,99,2
04013216810,50,0,0,47,3
04013216813,118,1,1035000,114,3
04013216816,139,1,1925000,134,4
04013216819,191,9,6195000,178,4
04013216820,110,7,3385000,101,2
04013216821,182,10,8330000,170,2
04013216822,125,3,3275000,120,2
04013216826,93,0,0,92,1
04013216829,173,1,1015000,171,1
04013216830,38,0,0,37,1
04013216831,72,2,2730000,70,0
04013216832,69,1,355000,68,0
04013216833,104,2,1050000,99,3
04013216834,67,0,0,66,1
04013216835,65,0,0,62,3
04013216836,70,1,435000,65,4
04013216837,82,2,770000,77,3
04013216838,110,5,3805000,101,4
04013216839,77,3,2415000,73,1
04013216840,122,7,7255000,114,1
04013216841,87,2,1960000,82,3
04013216842,78,0,0,77,1
04013216843,215,3,3625000,210,2
04013216844,104,0,0,102,2
04013216845,27,1,755000,26,0
04013216849,113,3,2895000,108,2
04013216850,54,3,1575000,47,4
04013216851,129,1,1445000,126,2
04013216852,43,4,1500000,36,3
04013216853,81,0,0,75,6
04013216854,82,0,0,82,0
04013216855,80,0,0,77,3
04013216856,82,2,980000,79,1
04013216857,96,3,1705000,88,5
04013216859,151,1,835000,149,1
04013216860,41,0,0,41,0
04013216861,100,0,0,99,1
04013216901,98,3,1485000,91,4
04013216902,94,2,1410000,91,1
04013217001,142,3,1055000,136,3
04013217002,147,1,195000,133,13
04013217101,65,1,625000,62,2
04013217102,63,2,1180000,60,1
04013217201,20,1,775000,18,1
04013217203,112,1,535000,108,3
04013217204,45,0,0,42,3
04013217300,94,1,425000,91,2
04013217400,81,2,1220000,75,4
04013217501,27,0,0,26,1
04013217502,59,0,0,59,0
04013217600,72,1,285000,70,1
04013217700,119,0,0,118,1
04013217800,140,3,2015000,126,11
04013217900,72,3,1525000,63,6
04013218000,111,1,585000,107,3
04013218100,41,0,0,40,1
04013218200,88,0,0,84,4
04013218300,65,2,930000,58,5
04013318400,34,1,255000,30,3
04013318501,29,1,325000,25,3
04013318700,14,1,275000,13,0
04013318800,49,0,0,47,2
04013318900,86,3,1445000,78,5
04013319002,30,0,0,30,0
04013319103,9,0,0,7,2
04013319104,10,0,0,10,0
04013319201,52,0,0,43,9
04013319202,14,1,405000,12,1
04013319300,27,1,335000,21,5
04013319401,101,2,740000,84,15
04013319402,70,0,0,63,7
04013319403,63,0,0,59,4
04013319404,75,3,1215000,67,5
04013319500,93,2,950000,84,7
04013319600,98,4,1810000,91,3
04013319705,60,1,415000,52,7
04013319706,32,0,0,27,5
04013319708,55,2,490000,47,6
04013319710,17,2,840000,13,2
04013319801,27,3,1245000,24,0
04013319802,35,0,0,35,0
04013319902,45,2,880000,37,6
04013319903,93,2,390000,84,7
04013319904,97,1,595000,91,5
04013319905,99,4,1840000,87,8
04013319906,42,2,880000,37,3
04013319907,41,1,585000,40,0
04013319908,27,4,1580000,18,5
04013319909,48,1,465000,46,1
04013319910,55,1,585000,54,0
04013320001,31,0,0,29,2
04013320002,26,1,405000,19,5
04013320007,61,0,0,52,9
04013320100,35,3,1745000,30,2
04013420104,100,3,1285000,84,13
04013420105,186,8,4050000,170,8
04013420107,161,6,3730000,152,3
04013420108,53,0,0,53,0
04013420109,103,1,565000,101,1
04013420110,131,7,4225000,115,9
04013420111,73,2,750000,58,13
04013420112,69,11,4835000,45,13
04013420113,39,3,825000,30,6
04013420114,73,4,1110000,50,19
04013420115,38,3,1235000,30,5
04013420116,45,2,510000,27,16
04013420202,135,11,3885000,95,29
04013420206,159,9,3155000,130,20
04013420207,77,5,3395000,69,3
04013420208,119,7,3345000,95,17
04013420209,145,13,4405000,98,34
04013420210,96,3,1175000,80,13
04013420211,105,7,3825000,93,5
04013420212,83,10,4060000,61,12
04013420213,1,0,0,1,0
04013420214,104,18,5370000,64,22
04013420215,62,5,2255000,49,8
04013420216,101,5,2195000,78,18
04013420301,40,2,1030000,37,1
04013420302,84,2,1150000,81,1
04013420303,63,4,1630000,51,8
04013420304,18,0,0,18,0
04013420401,66,0,0,63,3
04013420402,71,9,5695000,58,4
04013420503,39,2,1410000,28,9
04013420504,70,2,840000,56,12
04013420505,34,1,795000,28,5
04013420506,31,3,1135000,22,6
04013420602,101,5,2085000,82,14
04013420603,56,2,930000,47,7
04013420604,84,1,535000,78,5
04013420704,72,4,2000000,60,8
04013420705,55,5,2615000,48,2
04013420706,92,3,2295000,80,9
04013420707,22,2,620000,15,5
04013420708,11,0,0,10,1
04013420709,16,0,0,16,0
04013420710,44,2,730000,35,7
04013420800,72,4,2030000,58,10
04013420901,49,4,2120000,38,7
04013420902,74,3,935000,50,21
04013421001,44,3,785000,37,4
04013421002,44,6,1710000,31,7
04013421101,47,0,0,38,9
04013421102,69,2,750000,58,9
04013421201,71,5,1345000,52,14
04013421202,76,5,1745000,57,14
04013421302,62,2,650000,48,12
04013421303,61,5,1295000,44,11
04013421400,15,0,0,11,4
04013421501,30,0,0,24,6
04013421502,52,1,365000,45,6
04013421601,48,1,365000,35,12
04013421602,25,1,255000,18,6
04013421701,72,3,985000,53,16
04013421702,41,2,520000,27,12
04013421801,47,3,1015000,38,6
04013421802,35,1,685000,22,12
04013421901,34,2,850000,25,7
04013421902,53,2,700000,41,10
04013422001,31,1,345000,23,7
04013422002,28,0,0,21,7
04013422102,102,2,870000,94,6
04013422103,20,0,0,16,4
04013422104,72,7,2195000,51,14
04013422105,44,0,0,37,7
04013422106,24,1,255000,20,3
04013422107,30,2,480000,21,7
04013422203,52,8,2450000,38,6
04013422209,98,7,2725000,76,15
04013422210,125,12,5540000,95,18
04013422211,55,1,575000,49,5
04013422212,94,5,2415000,79,10
04013422213,60,2,830000,54,4
04013422215,34,2,730000,24,8
04013422216,97,1,405000,81,15
04013422217,100,7,2475000,83,10
04013422218,58,2,870000,47,9
04013422219,71,2,780000,54,15
04013422220,48,4,1360000,41,3
04013422221,68,4,1520000,56,8
04013422222,58,3,1145000,49,6
04013422223,45,2,1040000,33,10
04013422227,38,2,940000,34,2
04013422301,66,3,1315000,47,16
04013422302,82,2,1070000,66,14
04013422304,23,1,305000,18,4
04013422305,117,5,2065000,102,10
04013422307,56,6,3400000,43,7
04013422308,98,3,1155000,82,13
04013422309,107,7,3305000,92,8
04013422401,59,6,2290000,44,9
04013422402,69,2,620000,63,4
04013422403,85,4,2190000,67,14
04013422404,97,5,3295000,86,6
04013422501,112,2,710000,88,22
04013422502,82,5,2215000,63,14
04013422503,110,4,1420000,78,28
04013422504,59,1,335000,48,10
04013422506,90,3,1565000,79,8
04013422507,73,4,2130000,63,6
04013422508,67,2,870000,56,9
04013422509,95,4,2210000,80,11
04013422510,69,2,1380000,66,1
04013422511,73,4,1920000,63,6
04013422512,134,4,1990000,121,9
04013422513,96,4,2260000,77,15
04013422514,91,4,1580000,73,14
04013422607,132,13,4565000,94,25
04013422609,105,6,2140000,75,24
04013422610,95,9,2995000,79,7
04013422615,132,15,6695000,96,21
04013422617,129,13,5855000,98,18
04013422618,84,11,3495000,72,1
04013422620,42,2,980000,38,2
04013422621,82,6,3370000,69,7
04013422622,77,6,3120000,62,9
04013422623,155,6,3680000,139,10
04013422624,17,0,0,16,1
04013422625,50,3,1095000,32,14
04013422626,46,0,0,39,7
04013422627,54,3,615000,33,18
04013422628,35,3,1105000,24,8
04013422629,45,1,295000,38,6
04013422630,80,11,2985000,39,30
04013422632,63,3,1005000,42,18
04013422633,18,0,0,14,4
04013422634,92,4,1420000,58,30
04013422636,44,1,385000,35,8
04013422637,56,2,620000,41,13
04013422638,46,4,2080000,39,3
04013422639,111,6,1770000,99,6
04013422640,83,6,2360000,71,6
04013422642,140,6,2900000,118,16
04013422643,121,9,4415000,99,13
04013422647,732,55,31815000,598,79
04013422648,140,10,5390000,111,19
04013422649,134,4,2100000,120,10
04013422650,66,5,2115000,55,6
04013422651,117,8,4190000,98,11
04013422652,39,2,510000,36,1
04013422653,79,1,405000,59,19
04013422654,160,6,3160000,138,16
04013422655,68,2,710000,57,9
04013422656,150,3,1775000,142,5
04013422657,102,4,1940000,88,10
04013422658,144,5,3805000,135,4
04013422659,6,0,0,4,2
04013422660,113,7,2575000,91,15
04013522802,3,0,0,2,1
04013522901,124,12,4870000,88,24
04013522903,25,1,385000,21,3
04013522904,54,2,820000,44,8
04013523002,71,2,850000,57,12
04013523005,92,4,1940000,78,10
04013523006,82,4,2590000,66,12
04013523007,43,2,700000,35,6
04013523008,79,2,790000,69,8
04013523102,41,2,880000,31,8
04013523103,70,4,1420000,58,8
04013523104,53,3,1345000,42,8
04013610001,70,8,3580000,53,9
04013610002,183,11,6665000,152,20
04013610100,36,2,1320000,30,4
04013610201,118,6,3140000,109,3
04013610202,105,7,3275000,85,13
04013610301,45,2,830000,39,4
04013610302,125,10,4400000,106,9
04013610400,122,6,2750000,110,6
04013610500,193,9,5745000,175,9
04013610600,136,6,4050000,126,4
04013610700,216,15,9855000,194,7
04013610800,177,3,1515000,157,17
04013610901,135,3,2565000,131,1
04013610902,88,0,0,85,3
04013610903,76,4,2360000,69,3
04013611000,64,3,1485000,59,2
04013611100,89,4,2120000,79,6
04013611200,124,1,805000,117,6
04013611300,151,4,1810000,142,5
04013611400,131,6,3630000,108,17
04013611500,141,11,7165000,123,7
04013611600,67,4,2500000,59,4
04013611700,146,6,3540000,131,9
04013611800,166,8,3230000,136,22
04013611900,112,4,2500000,101,7
04013612000,267,9,4655000,252,6
04013612200,160,8,4100000,146,6
04013612301,139,6,3240000,132,1
04013612302,79,6,3350000,68,5
04013612401,93,0,0,89,4
04013612402,126,1,365000,123,2
04013612500,121,1,925000,115,5
04013612600,76,4,2130000,69,3
04013612700,66,1,495000,63,2
04013612800,67,1,655000,62,4
04013612900,65,2,990000,59,4
04013613000,137,4,3840000,132,1
04013613100,70,4,2690000,65,1
04013613200,98,2,1810000,94,2
04013613300,139,6,3010000,129,4
04013613400,84,6,2920000,66,12
04013613500,260,15,6575000,226,19
04013613601,77,3,1555000,67,7
04013613602,137,3,1855000,131,3
04013613700,115,7,3565000,94,14
04013613800,83,7,3395000,73,3
04013613900,135,3,1765000,121,11
04013614000,80,1,515000,72,7
04013614100,97,9,4675000,79,9
04013614200,94,3,2095000,89,2
04013614300,59,1,365000,57,1
04013614400,88,4,1890000,68,16
04013614500,89,8,3370000,71,10
04013614601,60,2,600000,44,14
04013614602,38,1,395000,34,3
04013614700,27,1,205000,17,9
04013614800,75,3,855000,57,15
04013614900,52,2,930000,44,6
04013615001,135,3,1925000,130,2
04013615002,71,3,2295000,67,1
04013615100,103,0,0,102,1
04013615201,239,3,2135000,235,1
04013615202,75,2,860000,70,3
04013615300,37,3,985000,26,8
04013615400,81,9,2825000,62,10
04013615500,91,3,855000,78,10
04013615600,63,2,530000,56,5
04013615700,85,1,525000,72,12
04013615800,93,4,2260000,81,8
04013615900,65,1,305000,59,5
04013616000,30,2,1010000,27,1
04013616100,75,3,895000,59,13
04013616200,72,4,1690000,57,11
04013616300,46,2,1070000,36,8
04013616400,87,3,1185000,67,17
04013616500,65,7,2725000,38,20
04013616600,111,2,610000,83,26
04013616700,108,6,2370000,76,26
04013616800,135,7,2275000,110,18
04013616900,81,4,1810000,65,12
04013617002,109,7,2285000,77,25
04013617100,56,2,1000000,52,2
04013617200,60,1,505000,52,7
04013617300,64,3,1385000,48,13
04013617400,203,16,4740000,155,32
04013617500,106,17,5905000,72,17
04013617600,97,4,1850000,81,12
04013617700,16,0,0,15,1
04013617800,50,4,2370000,46,0
04013617900,79,4,1830000,65,10
04013618000,102,11,3535000,74,17
04013618100,116,5,2605000,89,22
04013618200,57,5,1835000,36,16
04013618300,76,2,770000,62,12
04013618400,65,5,1685000,41,19
04013618500,33,2,840000,23,8
04013618600,73,3,1085000,54,16
04013618700,71,4,1340000,53,14
04013618800,39,2,600000,26,11
04013618900,111,7,3185000,75,29
04013619000,74,1,565000,68,5
04013619100,2,0,0,2,0
04013619200,30,3,835000,21,6
04013619300,83,4,1170000,73,6
04013619400,90,8,2640000,73,9
04013619500,127,3,1365000,95,29
04013619602,38,3,855000,27,8
04013619700,70,2,870000,62,6
04013619800,52,1,535000,49,2
04013619900,397,7,5135000,390,0
04013723304,266,21,8115000,194,51
04013723305,13,0,0,8,5
04013723306,2,1,355000,1,0
04013723307,158,13,5775000,117,28
04013723309,132,14,5530000,100,18
04013723310,88,8,4150000,75,5
04013723311,272,25,13245000,217,30
04013810000,23,0,0,23,0
04013810100,91,5,2735000,83,3
04013810200,38,0,0,36,2
04013810300,83,6,2350000,69,8
04013810400,97,2,970000,89,6
04013810500,60,0,0,60,0
04013810600,76,2,1040000,64,10
04013810700,61,1,505000,59,1
04013810800,51,1,325000,49,1
04013810900,99,5,2185000,81,13
04013811000,61,3,1425000,54,4
04013811100,35,1,375000,31,3
04013811200,13,0,0,13,0
04013811300,61,1,465000,51,9
04013811400,102,3,1655000,85,14
04013811500,56,2,960000,49,5
04013811600,93,1,445000,78,14
04013811700,56,7,2495000,49,0
04013811800,25,0,0,25,0
04013811900,76,4,2050000,67,5
04013812000,48,0,0,45,3
04013812100,122,3,1495000,109,10
04013812200,132,3,1435000,119,10
04013812300,58,2,1370000,54,2
04013812400,134,6,3460000,121,7
04013812500,32,2,850000,29,1
04013812600,142,6,2540000,127,9
04013812700,106,4,2230000,95,7
04013812801,63,0,0,61,2
04013812802,110,2,1780000,108,0
04013812900,48,0,0,48,0
04013813000,144,6,3500000,132,6
04013813100,85,1,545000,83,1
04013813200,90,1,715000,88,1
04013813300,120,2,1120000,116,2
04013813400,132,2,1450000,127,3
04013813500,92,1,305000,90,1
04013813600,107,3,3565000,102,2
04013813700,70,3,1445000,60,7
04013813800,112,16,5730000,82,14
04013813900,113,5,3135000,100,8
04013814000,51,2,900000,47,2
04013814100,152,16,9440000,123,13
04013814200,58,5,2365000,48,5
04013814300,78,4,2170000,69,5
04013814400,116,7,3725000,99,10
04013814500,97,3,1655000,84,10
04013814600,78,3,1245000,65,10
04013814700,112,4,1680000,99,9
04013814801,76,6,2970000,60,10
04013814802,148,8,3220000,129,11
04013814900,68,2,920000,65,1
04013815000,85,4,1890000,80,1
04013815100,109,6,2920000,87,16
04013815201,124,4,1800000,105,15
04013815202,58,2,1080000,47,9
04013815203,73,4,2070000,67,2
04013815300,78,3,2085000,71,4
04013815401,79,1,705000,77,1
04013815402,98,7,3845000,78,13
04013815501,54,4,2090000,49,1
04013815502,108,2,880000,99,7
04013815601,112,9,5485000,99,4
04013815602,99,4,1990000,81,14
04013815700,113,5,1915000,95,13
04013815800,117,6,3380000,99,12
04013815901,167,6,3090000,148,13
04013815902,401,13,9025000,383,5
04013816001,94,3,3265000,89,2
04013816002,91,6,4060000,84,1
04013816003,146,2,2040000,144,0
04013816004,264,12,6840000,213,39
04013816005,139,11,6345000,124,4
04013816100,133,5,2125000,115,13
04013816200,58,3,1755000,54,1
04013816301,64,6,2510000,54,4
04013816302,100,7,3945000,88,5
04013816401,75,4,3550000,70,1
04013816402,192,13,8345000,169,10
04013816501,56,2,1110000,51,3
04013816502,81,6,4630000,74,1
04013816600,137,9,4675000,125,3
04013816700,143,11,8635000,130,2
04013816800,188,9,5595000,169,10
04013816901,253,24,12720000,213,16
04013816902,245,13,8255000,228,4
04013816903,176,17,8385000,138,21
04013816904,316,31,19715000,263,22
04013817000,108,10,6840000,97,1
04013817101,148,8,4870000,133,7
04013817102,64,8,3580000,42,14
04013817103,132,10,5540000,105,17
04013817200,653,32,18420000,574,47
04013817300,107,7,2905000,94,6
04013817400,105,10,2880000,67,27
04013817500,94,9,3065000,76,9
04013817600,631,44,25400000,527,60
04013941000,9,0,0,3,6
04013941200,1,0,0,1,0
04013941300,7,0,0,7,0
04015940501,81,4,1820000,62,14
04015950101,96,4,1230000,78,14
04015950102,45,1,285000,33,10
04015950103,22,0,0,20,2
04015950401,32,4,500000,20,8
04015950403,49,9,1575000,30,10
04015950404,84,16,4060000,56,12
04015950500,18,2,350000,12,4
04015950601,60,11,2435000,35,14
04015950602,119,36,8300000,59,22
04015950603,52,11,2555000,23,18
04015950703,76,12,2180000,38,20
04015950705,51,8,1910000,29,14
04015950706,47,11,1535000,20,15
04015950707,98,25,6475000,51,20
04015950708,201,29,7895000,118,42
04015951401,68,6,2000000,53,9
04015951403,68,3,1315000,63,2
04015951404,28,2,330000,23,3
04015951501,54,3,825000,36,15
04015951503,44,4,1290000,38,2
04015951504,87,8,2430000,66,13
04015951601,55,7,1775000,39,9
04015951602,92,8,2270000,65,19
04015951701,24,7,1185000,11,6
04015951702,38,4,980000,21,13
04015951800,45,5,985000,25,15
04015951900,139,17,4135000,101,21
04015952001,35,3,1065000,24,8
04015952003,91,13,3315000,55,23
04015952004,109,24,6590000,64,21
04015952005,58,11,3195000,37,10
04015952006,76,9,2175000,47,20
04015952007,207,25,7865000,132,50
04015952400,116,4,1540000,104,8
04015952501,88,5,1395000,67,16
04015952502,83,6,3240000,69,8
04015952600,86,6,1730000,70,10
04015952701,53,1,375000,48,4
04015952702,64,7,4305000,54,3
04015952801,143,9,3845000,126,8
04015952802,99,6,2390000,82,11
04015952901,42,1,285000,39,2
04015952902,92,5,1745000,74,13
04015953001,32,0,0,29,3
04015953002,92,8,2600000,75,9
04015953100,89,7,1905000,74,8
04015953200,107,3,1765000,103,1
04015953301,90,4,1550000,76,10
04015953302,76,8,3000000,61,7
04015953403,60,4,1320000,49,7
04015953404,74,9,2825000,59,6
04015953405,105,11,4355000,77,17
04015953406,64,10,3790000,47,7
04015953602,27,4,1060000,16,4
04015953603,65,4,830000,38,20
04015953604,175,19,6555000,121,29
04015953800,107,15,3465000,61,24
04015953901,86,15,3735000,53,14
04015953902,96,16,4270000,62,14
04015954801,63,9,3265000,45,9
04015954802,57,15,4155000,31,11
04015954900,65,10,2430000,44,11
04015955001,60,6,1550000,39,15
04015955002,42,5,885000,30,6
04017942300,1,0,0,1,0
04017942500,2,0,0,2,0
04017960100,19,2,510000,10,7
04017960200,15,0,0,8,5
04017960400,63,8,2220000,43,12
04017960500,20,2,550000,11,6
04017960600,45,4,1040000,30,9
04017961300,78,8,3090000,60,10
04017961701,77,6,1750000,66,5
04017961702,97,8,2610000,77,12
04017962501,40,8,3170000,28,4
04017962502,52,2,1100000,45,5
04017963300,95,4,1630000,69,22
04017963400,63,6,1740000,43,13
04017963700,116,8,3160000,99,9
04017963800,89,6,2140000,63,17
04017964201,118,6,1700000,103,9
04017964202,37,2,1070000,30,5
04017964801,104,5,1655000,94,5
04017964802,119,5,1825000,102,12
04017964901,64,4,1310000,59,1
04017964902,71,2,840000,67,2
04017965201,67,3,1075000,59,5
04017965202,45,4,1700000,34,6
04017965301,53,2,860000,48,3
04017965302,94,10,3630000,69,15
04019000100,1,0,0,1,0
04019000200,54,2,340000,45,7
04019000300,17,0,0,14,3
04019000401,13,1,675000,12,0
04019000402,11,0,0,11,0
04019000501,18,0,0,18,0
04019000502,5,0,0,5,0
04019000600,67,0,0,67,0
04019000700,59,4,1260000,49,6
04019000800,33,2,750000,28,3
04019001100,37,1,195000,29,7
04019001200,35,0,0,26,9
04019001302,14,0,0,13,1
04019001303,25,2,490000,17,6
04019001304,39,0,0,28,11
04019001400,44,2,610000,37,5
04019001500,53,1,355000,49,3
04019001600,65,2,710000,59,4
04019001700,52,2,720000,46,4
04019001801,52,2,630000,45,5
04019001802,29,2,710000,21,6
04019001900,46,1,635000,39,6
04019002000,118,3,635000,87,28
04019002100,59,2,570000,37,20
04019002201,43,2,380000,29,12
04019002202,38,2,560000,27,9
04019002300,53,2,420000,26,25
04019002400,68,3,845000,37,28
04019002503,35,1,155000,29,5
04019002504,26,3,835000,20,3
04019002505,71,6,1470000,45,20
04019002507,19,0,0,13,6
04019002508,82,11,2885000,47,24
04019002509,44,2,580000,30,12
04019002602,72,6,1780000,60,6
04019002603,23,1,275000,14,8
04019002604,17,1,355000,10,6
04019002702,48,0,0,45,3
04019002703,27,0,0,25,2
04019002704,28,2,730000,23,3
04019002801,14,2,510000,9,3
04019002802,32,2,610000,21,9
04019002803,34,2,480000,27,5
04019002901,79,4,1380000,65,10
04019002904,56,1,345000,51,4
04019002905,62,2,570000,57,3
04019002906,37,2,790000,33,2
04019003002,65,7,2045000,50,8
04019003003,40,7,2005000,29,4
04019003004,27,0,0,25,2
04019003102,50,0,0,41,9
04019003103,27,4,1420000,18,5
04019003104,21,3,1225000,16,2
04019003201,43,2,460000,35,6
04019003202,31,2,640000,27,2
04019003302,105,10,2650000,71,24
04019003303,40,3,1025000,32,5
04019003304,29,3,995000,25,1
04019003400,83,7,2065000,55,21
04019003502,57,7,1655000,45,5
04019003503,64,10,2940000,32,22
04019003504,67,3,675000,41,23
04019003505,51,2,420000,36,13
04019003506,26,5,1095000,14,7
04019003702,38,0,0,16,22
04019003704,56,3,725000,31,22
04019003705,47,3,775000,29,15
04019003706,55,9,1995000,32,14
04019003707,29,5,1375000,14,10
04019003801,46,2,500000,29,15
04019003802,50,1,235000,32,17
04019003901,26,2,480000,15,9
04019003902,27,0,0,16,11
04019003903,46,3,765000,25,18
04019004008,90,11,3105000,58,21
04019004010,51,5,1455000,33,13
04019004026,103,13,4435000,76,14
04019004029,106,18,4660000,60,28
04019004030,43,1,605000,41,1
04019004031,75,6,1980000,62,7
04019004032,56,6,2070000,39,11
04019004033,61,7,1835000,38,16
04019004034,70,13,3645000,37,20
04019004035,45,4,1160000,33,8
04019004036,64,7,1955000,36,21
04019004037,48,7,2055000,29,12
04019004038,60,6,1260000,27,27
04019004039,14,0,0,12,2
04019004042,80,6,1980000,63,11
04019004043,71,6,2040000,54,11
04019004044,100,7,3105000,79,14
04019004046,74,8,2880000,54,12
04019004047,69,6,2020000,55,8
04019004048,68,8,2220000,50,10
04019004049,52,8,2480000,35,9
04019004050,31,4,2320000,26,1
04019004051,103,12,7620000,89,2
04019004052,49,2,840000,46,1
04019004053,58,7,3905000,48,3
04019004054,26,4,2300000,22,0
04019004055,52,5,3135000,44,3
04019004056,49,8,2320000,37,4
04019004057,104,18,5700000,69,17
04019004058,158,34,11140000,87,37
04019004061,138,20,9140000,102,16
04019004062,312,98,36600000,171,43
04019004063,274,68,29630000,179,27
04019004065,75,24,8020000,40,11
04019004066,67,14,4410000,41,12
04019004067,64,5,585000,48,11
04019004068,65,5,1475000,48,12
04019004069,61,5,1275000,37,19
04019004070,40,9,2665000,24,7
04019004071,54,7,1715000,39,8
04019004072,31,4,1240000,24,3
04019004073,334,96,33960000,177,61
04019004074,42,12,3450000,22,8
04019004075,43,8,2270000,29,6
04019004076,98,17,4845000,58,23
04019004077,73,15,4995000,43,15
04019004078,71,7,2175000,46,18
04019004079,37,6,3320000,30,1
04019004080,56,1,505000,52,3
04019004081,375,100,45410000,239,36
04019004082,198,54,22110000,118,26
04019004109,170,39,15695000,103,28
04019004110,34,1,285000,21,12
04019004112,35,1,265000,19,15
04019004114,42,6,3120000,29,7
04019004115,41,4,1120000,17,20
04019004116,53,5,1395000,30,18
04019004117,73,2,510000,47,24
04019004118,145,28,8930000,58,59
04019004122,52,6,1690000,30,16
04019004126,281,85,31655000,144,48
04019004127,120,28,11740000,80,12
04019004128,57,17,5375000,26,14
04019004129,145,16,7990000,122,7
04019004130,77,11,5585000,64,2
04019004131,148,29,8605000,85,34
04019004132,95,32,10610000,47,16
04019004133,23,2,480000,21,0
04019004307,113,19,4395000,72,21
04019004310,36,1,475000,27,8
04019004311,71,9,3105000,47,15
04019004312,64,11,2305000,36,17
04019004313,80,10,2570000,37,33
04019004316,46,2,580000,32,12
04019004317,118,11,2535000,95,12
04019004320,13,1,415000,6,6
04019004321,80,6,1740000,45,29
04019004322,94,8,2220000,55,31
04019004323,87,16,5190000,46,22
04019004324,87,9,2225000,76,2
04019004325,40,2,510000,36,2
04019004326,220,49,16875000,98,68
04019004327,109,14,4510000,78,14
04019004328,109,12,3270000,83,14
04019004330,58,4,930000,47,7
04019004332,42,5,1475000,32,5
04019004333,126,15,4765000,63,48
04019004335,192,27,8615000,119,42
04019004336,211,43,15925000,114,51
04019004337,61,9,2395000,40,11
04019004338,25,3,985000,20,2
04019004339,280,45,15135000,134,101
04019004340,161,23,6965000,80,58
04019004404,63,7,1505000,40,16
04019004407,78,6,1530000,46,26
04019004412,48,3,915000,36,9
04019004413,80,3,1025000,67,10
04019004414,41,1,375000,35,5
04019004415,40,2,590000,31,7
04019004418,69,1,555000,66,2
04019004419,137,29,8315000,70,38
04019004422,93,2,650000,83,8
04019004423,90,6,1870000,53,31
04019004424,67,13,3035000,32,22
04019004425,123,30,8880000,57,36
04019004426,61,4,1530000,52,5
04019004428,76,4,2350000,67,5
04019004430,223,25,8985000,133,65
04019004431,477,66,25110000,310,101
04019004432,35,5,1315000,23,7
04019004433,74,11,5395000,57,6
04019004434,60,10,3480000,28,22
04019004435,89,17,4515000,48,24
04019004436,234,43,17325000,160,31
04019004437,77,10,3860000,54,13
04019004438,76,10,3620000,50,16
04019004439,54,6,2980000,43,5
04019004440,85,14,5080000,62,9
04019004505,31,0,0,23,8
04019004506,47,4,970000,21,22
04019004508,39,3,685000,22,14
04019004510,17,0,0,11,6
04019004511,41,5,1095000,29,7
04019004512,48,3,715000,22,23
04019004513,39,1,175000,24,14
04019004514,12,1,295000,9,2
04019004515,76,5,1695000,55,16
04019004610,101,9,2695000,72,20
04019004613,40,1,195000,29,10
04019004614,63,7,2445000,55,1
04019004615,53,1,415000,51,1
04019004616,50,5,1965000,42,3
04019004617,54,3,565000,46,5
04019004618,70,1,245000,58,11
04019004619,63,3,2255000,59,1
04019004620,15,2,1010000,12,1
04019004621,45,2,900000,38,5
04019004622,42,3,1535000,35,4
04019004623,179,15,6105000,141,23
04019004624,113,12,3870000,77,24
04019004625,17,0,0,13,4
04019004626,16,1,335000,14,1
04019004627,47,4,1340000,34,9
04019004628,18,2,920000,12,4
04019004630,22,2,820000,17,3
04019004631,114,12,4270000,86,16
04019004632,93,10,3920000,69,14
04019004633,74,3,1145000,69,2
04019004634,132,9,5295000,121,2
04019004635,98,5,2675000,87,6
04019004636,151,15,7445000,126,10
04019004639,224,27,12335000,181,16
04019004640,173,10,5510000,157,6
04019004641,68,4,1630000,60,4
04019004642,94,6,1900000,80,8
04019004643,90,10,3180000,74,6
04019004644,67,9,2865000,51,7
04019004645,106,11,3795000,61,34
04019004646,88,10,3240000,67,11
04019004647,89,6,1970000,65,18
04019004648,244,27,10885000,185,32
04019004649,32,1,315000,31,0
04019004650,134,10,5410000,123,1
04019004710,82,2,680000,79,1
04019004711,89,5,1945000,83,1
04019004712,55,1,1495000,53,1
04019004713,80,3,1895000,71,6
04019004714,94,5,2815000,86,3
04019004715,79,9,2625000,52,18
04019004717,43,1,1185000,42,0
04019004718,47,2,930000,45,0
04019004720,37,1,485000,36,0
04019004721,58,5,2345000,50,3
04019004722,52,4,3310000,47,1
04019004723,107,7,3035000,98,2
04019004724,66,4,2170000,62,0
04019004725,29,0,0,24,5
04019004726,54,4,2520000,48,2
04019004727,46,8,3210000,33,5
04019004728,73,1,465000,69,3
04019004729,66,4,3390000,62,0
04019004730,61,5,5405000,55,1
04019005200,57,7,1015000,41,9
04019005300,54,4,2560000,50,0
04019005400,54,2,870000,43,9
04019940800,1,0,0,1,0
04019941000,1,0,0,0,1
04019980002,1,0,0,0,1
04021000201,332,45,17655000,237,50
04021000204,643,45,19605000,406,192
04021000206,492,23,9665000,402,67
04021000208,522,51,17865000,246,215
04021000211,226,22,7940000,127,77
04021000212,289,29,10325000,155,105
04021000215,199,13,9245000,169,17
04021000216,106,14,5330000,63,29
04021000217,320,28,12040000,206,86
04021000218,159,18,6770000,103,38
04021000219,87,6,2190000,57,24
04021000220,94,4,1590000,67,23
04021000221,249,19,9965000,170,60
04021000222,170,15,5855000,110,45
04021000223,401,30,13930000,299,72
04021000224,284,33,13065000,185,66
04021000225,82,8,3330000,55,19
04021000226,170,18,7880000,103,49
04021000227,110,15,5425000,66,29
04021000228,66,11,3495000,42,13
04021000229,293,33,14315000,200,60
04021000307,75,6,2660000,55,14
04021000309,34,1,425000,28,5
04021000310,51,5,2175000,35,11
04021000311,70,5,2875000,61,4
04021000312,82,6,1870000,45,30
04021000313,115,11,3175000,67,37
04021000315,93,3,915000,60,30
04021000316,210,13,5855000,188,9
04021000317,30,4,1130000,21,5
04021000319,38,3,1225000,19,16
04021000320,24,2,730000,15,7
04021000321,55,3,1105000,46,6
04021000322,77,4,1090000,43,30
04021000323,52,4,1710000,39,9
04021000324,104,6,1970000,78,20
04021000325,29,4,1300000,17,8
04021000400,42,7,1525000,23,11
04021000603,144,10,4040000,122,12
04021000604,106,6,2770000,95,5
04021000700,68,8,1410000,35,23
04021000802,235,21,9275000,186,28
04021000804,40,13,2505000,16,11
04021000805,368,54,18730000,173,125
04021000806,359,41,14165000,181,127
04021000808,28,4,1540000,20,4
04021000902,74,7,2025000,38,28
04021000903,1,0,0,0,1
04021000904,25,3,975000,16,5
04021001000,78,3,685000,40,28
04021001100,490,55,17235000,223,195
04021001200,98,10,4040000,58,27
04021001303,73,3,1745000,61,9
04021001305,262,24,8420000,150,88
04021001306,156,17,5565000,82,56
04021001307,141,16,4950000,76,49
04021001308,209,22,6750000,90,97
04021001309,159,17,5575000,92,50
04021001310,232,35,12165000,133,64
04021001403,70,7,2435000,45,18
04021001404,100,16,4990000,56,28
04021001405,69,7,2365000,48,14
04021001406,139,19,6745000,70,50
04021001407,161,29,9235000,60,72
04021001408,184,24,7530000,101,59
04021001500,29,0,0,20,9
04021001600,87,7,2235000,52,27
04021001701,30,2,600000,17,11
04021001704,188,18,6770000,100,69
04021001705,249,28,10100000,139,82
04021001706,145,16,5870000,85,44
04021001707,193,19,6835000,84,90
04021001709,671,74,30010000,377,220
04021001712,704,101,36025000,284,319
04021001713,114,15,5235000,63,36
04021001714,217,21,7375000,112,83
04021001715,127,8,2750000,76,43
04021001716,165,21,7955000,105,39
04021001717,190,24,8420000,135,31
04021001900,53,6,1920000,26,19
04021002001,248,19,6825000,165,59
04021002004,37,3,605000,20,12
04021002005,13,3,915000,7,3
04021002104,171,17,4435000,83,66
04021002105,339,38,9540000,141,144
04021002106,30,4,930000,10,15
04021002107,191,44,13830000,81,58
04021002200,57,5,1605000,41,11
04021002300,37,1,155000,17,18
04021002400,15,2,300000,5,8
04021941401,148,16,4930000,54,78
04021941402,18,1,275000,13,4
04023966000,60,12,4840000,45,3
04023966101,110,10,3460000,78,17
04023966103,4,0,0,2,1
04023966106,33,3,1025000,22,8
04023966107,25,1,335000,14,7
04023966108,70,2,570000,43,21
04023966109,128,15,4065000,68,40
04023966110,36,3,785000,14,17
04023966111,109,7,1955000,51,39
04023966200,24,1,175000,15,7
04023966301,22,2,930000,12,8
04023966302,13,0,0,11,2
04023966401,24,1,175000,17,6
04023966402,27,1,295000,20,4
04025000205,33,3,1185000,19,11
04025000206,111,7,3345000,90,14
04025000207,56,6,2130000,43,7
04025000208,33,2,510000,15,16
04025000209,194,33,11605000,116,43
04025000210,57,6,1970000,34,17
04025000211,160,23,8535000,104,33
04025000301,86,4,1840000,79,3
04025000302,26,1,595000,21,4
04025000403,24,2,1120000,18,4
04025000404,49,3,955000,39,7
04025000405,98,13,6375000,79,6
04025000406,41,2,1280000,36,3
04025000407,87,7,3085000,72,8
04025000501,137,14,6150000,117,6
04025000502,111,14,5670000,88,9
04025000604,109,6,1900000,86,17
04025000608,59,12,3460000,32,15
04025000609,75,6,2080000,44,25
04025000611,25,2,520000,18,5
04025000612,26,6,2110000,16,4
04025000613,286,29,11755000,232,25
04025000614,10,1,325000,6,3
04025000615,68,11,4235000,49,8
04025000616,60,7,3045000,47,6
04025000617,54,6,1640000,39,9
04025000618,50,2,640000,41,7
04025000619,125,19,7755000,85,21
04025000701,91,6,2430000,74,11
04025000702,53,6,1750000,31,16
04025000802,76,3,2055000,68,5
04025000803,6,1,335000,5,0
04025000804,64,3,1885000,59,2
04025000901,13,0,0,12,1
04025000902,21,2,910000,16,3
04025001002,71,1,625000,64,6
04025001003,7,0,0,7,0
04025001004,72,2,1020000,69,1
04025001103,42,1,235000,37,4
04025001104,94,5,2855000,78,11
04025001105,43,2,1100000,41,0
04025001106,27,0,0,27,0
04025001201,105,3,2075000,100,2
04025001202,109,9,5315000,92,8
04025001300,10,0,0,10,0
04025001401,62,2,480000,44,15
04025001402,219,14,4940000,187,18
04025001403,95,13,3555000,55,26
04025001501,64,5,2445000,49,10
04025001502,101,18,4810000,49,33
04025001601,91,6,2200000,70,15
04025001602,77,8,2380000,52,17
04025001604,45,4,1080000,30,11
04025001605,88,7,2235000,51,30
04025001701,129,9,3475000,101,19
04025001703,88,1,345000,80,7
04025001704,34,1,315000,33,0
04025001705,86,2,930000,77,7
04025001801,92,3,2325000,87,2
04025001803,37,2,1090000,35,0
04025001804,67,5,3275000,59,3
04025001901,84,7,2825000,68,9
04025001902,88,9,3495000,62,17
04025001903,193,23,11435000,150,20
04025001904,246,18,9050000,211,17
04025002001,60,2,610000,53,4
04025002002,87,3,1175000,58,26
04025002003,64,2,820000,45,17
04025002005,60,4,1840000,50,6
04025002006,39,1,465000,33,5
04025002007,102,10,4020000,76,16
04025002100,40,9,2455000,26,5
04027000100,14,2,610000,9,3
04027000200,38,3,855000,16,19
04027000301,22,1,195000,14,7
04027000302,21,1,325000,15,5
04027000402,43,1,335000,28,14
04027000403,8,0,0,7,1
04027000404,18,4,940000,9,5
04027000501,24,2,570000,13,9
04027000502,40,4,860000,26,9
04027000600,59,3,795000,33,23
04027000700,32,1,225000,22,9
04027000800,76,12,3350000,47,17
04027000901,62,8,2160000,32,22
04027000902,30,4,940000,15,11
04027000903,57,14,4480000,24,19
04027000907,67,8,2620000,39,20
04027000908,142,31,12955000,91,20
04027000909,62,4,1040000,37,21
04027000910,34,8,2780000,20,6
04027001001,34,9,2415000,19,6
04027001003,9,1,345000,6,2
04027001004,19,2,530000,10,7
04027001100,68,8,1990000,43,17
04027001200,66,8,2050000,44,14
04027010907,211,66,22900000,114,31
04027010910,22,3,785000,11,8
04027010911,109,24,8290000,66,19
04027010913,9,1,285000,4,4
04027010914,15,1,205000,14,0
04027010915,45,9,2375000,21,14
04027010916,7,0,0,3,4
04027011000,15,1,185000,11,2
04027011107,100,24,10280000,64,12
04027011108,90,29,9445000,42,19
04027011112,65,12,2250000,32,21
04027011114,73,18,3500000,32,23
04027011116,31,8,1790000,14,9
04027011117,107,18,5370000,63,26
04027011118,34,10,1840000,13,11
04027011119,49,14,4580000,22,13
04027011120,42,6,1340000,26,10
04027011121,376,91,29875000,150,135
04027011122,30,7,1515000,11,12
04027011123,47,13,3455000,21,13
04027011124,58,12,2100000,33,13
04027011125,54,12,4740000,39,3
04027011202,28,1,175000,13,13
04027011203,22,6,1070000,11,3
04027011204,68,15,4145000,36,16
04027011403,31,0,0,18,10
04027011405,26,0,0,20,6
04027011407,52,4,1100000,26,17
04027011408,29,1,205000,17,11
04027011501,7,0,0,4,2
04027011503,34,2,610000,21,9
04027011505,52,4,960000,26,16
04027011506,38,4,1080000,17,15
04027011601,49,3,715000,21,18
04027011602,10,0,0,4,6
04027011700,22,1,125000,15,6
04027011801,125,17,8015000,64,32
04027011802,21,4,2270000,12,5
04027012100,3,0,0,1,2
04027980005,74,1,265000,22,34
NA,627,14,5660000,593,20
